,Open,High,Close
0,849.5,853.590027,845.099976
1,854.710022,860.590027,848.909973
2,848.0,853.0,852.570007
3,848.75,859.0,856.75
4,846.830017,849.559998,847.799988
5,851.97998,852.0,849.47998
6,842.75,851.590027,849.869995
7,839.690002,845.400024,840.630005
8,828.090027,841.380005,838.51001
9,842.0,844.0,835.140015
10,841.390015,841.690002,839.650024
11,849.47998,855.349976,849.799988
12,870.059998,873.469971,850.140015
13,869.47998,870.340027,867.909973
14,873.679993,874.419983,872.369995
15,870.530029,872.710022,870.0
16,867.940002,869.880005,868.390015
17,863.75,867.580017,865.909973
18,860.830017,867.130005,864.580017
19,862.700012,864.22998,861.409973
20,853.690002,860.710022,857.840027
21,853.119995,856.929993,853.640015
22,847.26001,853.330017,851.150024
23,846.859985,848.940002,847.27002
24,848.940002,850.820007,849.080017
25,856.309998,856.48999,849.849976
26,851.380005,858.0,856.75
27,847.349976,848.830017,844.929993
28,844.950012,850.669983,849.669983
29,847.650024,848.359985,847.809998
30,851.080017,852.619995,851.0
31,848.0,853.789978,851.359985
32,847.98999,852.200012,849.27002
33,841.309998,846.940002,846.549988
34,838.5,842.690002,842.169983
35,838.809998,841.77002,837.320007
36,839.77002,842.0,840.030029
37,837.700012,841.73999,838.960022
38,832.950012,837.150024,834.849976
39,831.72998,831.97998,830.059998
40,830.530029,834.25,829.880005
41,825.5,831.919983,829.22998
42,820.919983,822.390015,821.619995
43,823.130005,826.130005,820.130005
44,815.0,824.559998,818.26001
45,824.0,824.0,815.23999
46,819.5,823.070007,820.190002
47,837.059998,837.22998,823.830017
48,859.0,867.0,845.030029
49,859.049988,861.0,856.97998
50,853.549988,858.789978,858.450012
51,846.97998,851.52002,849.530029
52,831.609985,845.539978,844.429993
53,829.090027,829.23999,828.169983
54,829.0,833.0,824.369995
55,829.799988,829.809998,829.02002
56,830.0,830.179993,827.460022
57,831.0,834.650024,830.940002
58,828.380005,830.380005,829.530029
59,826.619995,829.900024,829.859985
60,827.070007,829.409973,826.01001
61,826.369995,830.429993,827.179993
62,814.98999,828.960022,825.210022
63,807.5,813.73999,813.02002
64,809.890015,813.429993,807.77002
65,800.619995,811.440002,808.01001
66,803.210022,803.289978,792.450012
67,802.330017,805.75,802.880005
68,813.330017,813.330017,804.570007
69,808.679993,816.0,809.929993
70,808.01001,810.969971,807.799988
71,809.099976,811.070007,809.679993
72,815.719971,815.719971,812.200012
73,813.369995,816.48999,815.200012
74,809.280029,816.219971,812.5
75,818.309998,819.200012,809.840027
76,817.359985,823.0,815.650024
77,815.919983,824.26001,817.890015
78,812.390015,824.299988,815.340027
79,804.820007,811.349976,807.900024
80,799.299988,809.950012,809.450012
81,792.950012,799.0,795.169983
82,779.950012,792.0,791.469971
83,780.190002,785.280029,776.179993
84,770.0,780.0,778.219971
85,761.900024,770.5,764.460022
86,778.549988,778.599976,764.330017
87,789.099976,791.51001,775.880005
88,788.380005,796.440002,789.440002
89,778.349976,799.73999,785.789978
90,782.609985,782.900024,780.22998
91,789.52002,789.52002,779.0
92,788.98999,793.77002,785.0
93,778.099976,786.549988,784.799988
94,787.169983,791.289978,775.969971
95,782.5,788.900024,786.159973
96,770.419983,783.5,779.97998
97,765.469971,780.23999,775.159973
98,771.76001,771.780029,753.219971
99,776.809998,777.289978,771.75
100,810.0,810.059998,780.289978
101,801.830017,811.710022,805.590027
102,802.030029,816.039978,811.97998
103,794.950012,805.0,802.030029
104,771.299988,788.47998,781.099976
105,784.5,790.0,782.190002
106,806.76001,806.76001,788.419983
107,810.869995,813.960022,805.47998
108,822.429993,822.630005,809.900024
109,829.940002,839.0,819.559998
110,823.01001,826.580017,817.349976
111,827.119995,827.710022,822.099976
112,838.5,838.5,828.549988
113,830.090027,837.940002,835.73999
114,820.0,824.289978,824.059998
115,827.559998,828.469971,821.630005
116,822.880005,829.799988,826.840027
117,814.210022,828.809998,821.48999
118,805.98999,813.48999,806.840027
119,807.450012,810.090027,804.599976
120,806.070007,806.559998,804.080017
121,811.960022,814.5,811.77002
122,814.169983,819.859985,809.570007
123,803.929993,817.380005,814.169983
124,805.929993,805.940002,800.710022
125,804.080017,806.950012,803.080017
126,806.0,808.5,801.22998
127,805.0,806.5,802.789978
128,802.549988,803.539978,800.380005
129,803.599976,808.090027,804.059998
130,807.22998,813.909973,802.640015
131,804.080017,810.25,810.059998
132,801.830017,813.48999,810.72998
133,809.820007,810.080017,802.650024
134,815.140015,817.0,814.960022
135,810.0,819.059998,815.950012
136,801.26001,805.909973,805.030029
137,800.0,802.75,799.780029
138,801.109985,803.98999,795.390015
139,799.02002,799.02002,797.969971
140,790.01001,803.650024,801.22998
141,787.530029,796.330017,790.460022
142,794.01001,795.789978,788.719971
143,784.52002,800.169983,798.820007
144,798.77002,801.75,788.47998
145,805.219971,808.419983,802.840027
146,807.929993,810.599976,807.98999
147,798.390015,810.890015,808.02002
148,795.27002,797.099976,796.869995
149,791.97998,792.890015,791.400024
150,789.599976,791.570007,789.849976
151,792.880005,798.0,791.919983
152,793.049988,798.52002,795.820007
153,792.48999,799.400024,793.219971
154,792.0,794.719971,791.299988
155,796.859985,798.460022,793.599976
156,800.47998,801.0,796.590027
157,798.51001,799.299988,796.950012
158,799.789978,801.22998,799.650024
159,805.359985,808.0,802.75
160,800.0,805.630005,805.419983
161,803.5,804.26001,801.190002
162,807.210022,811.359985,805.960022
163,805.090027,807.190002,807.049988
164,810.469971,813.880005,808.200012
165,807.049988,810.880005,808.48999
166,804.48999,813.330017,807.47998
167,806.0,807.599976,805.22998
168,800.109985,807.219971,806.929993
169,798.23999,800.200012,797.25
170,796.469971,799.539978,798.919983
171,797.330017,802.320007,800.119995
172,786.669983,807.48999,800.940002
173,797.710022,803.940002,791.340027
174,768.840027,768.969971,765.840027
175,758.969971,764.450012,761.969971
176,757.52002,759.26001,757.650024
177,757.679993,759.820007,757.52002
178,757.320007,759.450012,759.280029
179,757.0,758.150024,754.409973
180,754.049988,760.640015,757.080017
181,749.869995,756.590027,753.409973
182,737.909973,755.140015,753.200012
183,741.0,741.0,735.630005
184,733.940002,736.140015,735.799988
185,735.52002,735.52002,729.47998
186,731.919983,735.599976,732.51001
187,719.419983,728.929993,727.200012
188,710.559998,717.900024,717.780029
189,710.109985,710.169983,707.26001
190,699.840027,713.0,708.969971
191,705.01001,708.119995,704.890015
192,705.099976,712.530029,710.25
193,697.650024,703.77002,703.530029
194,694.26001,699.5,695.190002
195,691.369995,692.73999,691.26001
196,682.48999,683.330017,681.140015
197,690.169983,705.0,685.200012
198,710.549988,714.880005,714.869995
199,714.049988,714.210022,710.469971
200,710.049988,715.380005,708.880005
201,710.309998,715.869995,706.130005
202,721.390015,721.390015,704.25
203,727.960022,730.390015,724.25
204,734.919983,737.150024,732.190002
205,729.309998,736.0,733.25
206,729.820007,739.0,731.880005
207,735.950012,739.640015,733.190002
208,737.070007,743.929993,742.52002
209,739.5,743.809998,742.929993
210,733.27002,736.710022,731.090027
211,738.5,738.5,730.059998
212,741.48999,741.48999,735.859985
213,746.099976,747.299988,744.27002
214,748.469971,751.369995,748.460022
215,748.76001,753.47998,748.849976
216,737.51001,747.909973,747.599976
217,736.0,741.099976,736.929993
218,735.0,739.890015,738.099976
219,719.849976,734.200012,733.030029
220,719.97998,723.5,717.25
221,716.460022,727.700012,721.710022
222,718.299988,720.5,715.309998
223,718.5,725.570007,721.780029
224,731.059998,735.849976,720.190002
225,724.320007,732.679993,730.299988
226,726.619995,731.289978,724.830017
227,732.0,735.369995,728.070007
228,740.52002,740.799988,730.549988
229,734.960022,740.0,739.380005
230,726.700012,734.289978,729.130005
231,712.200012,725.98999,725.179993
232,715.0,717.549988,714.710022
233,706.77002,715.049988,711.369995
234,712.5,713.369995,708.440002
235,711.919983,715.409973,714.409973
236,704.119995,712.109985,707.880005
237,723.289978,729.26001,705.059998
238,725.320007,727.150024,721.460022
239,744.419983,745.590027,725.369995
240,735.349976,744.880005,742.210022
241,743.909973,753.919983,737.77002
242,777.309998,781.679993,780.0
243,779.159973,779.659973,774.919983
244,790.5,790.950012,776.25
245,780.190002,788.549988,787.679993
246,775.5,780.929993,780.0
247,775.359985,779.609985,775.390015
248,770.309998,775.75,771.909973
249,758.429993,764.919983,764.320007
250,765.450012,767.219971,757.539978
251,765.869995,767.130005,759.469971
252,765.320007,769.359985,760.119995
253,757.840027,768.419983,768.070007
254,758.130005,762.869995,758.570007
255,769.51001,772.440002,765.119995
256,757.159973,770.039978,769.669983
257,768.340027,769.080017,762.900024
258,768.210022,777.309998,768.340027
259,753.679993,767.179993,765.890015
260,756.169983,758.299988,753.280029
261,751.200012,757.559998,754.840027
262,763.349976,765.390015,757.559998
263,758.440002,765.0,760.049988
264,753.909973,763.340027,762.159973
265,761.630005,762.140015,755.409973
266,757.650024,765.340027,758.47998
267,749.049988,759.0,757.359985
268,746.02002,753.01001,750.570007
269,744.969971,754.26001,750.23999
270,739.950012,744.900024,744.869995
271,727.789978,736.539978,732.169983
272,715.169983,726.23999,725.409973
273,708.390015,722.25,713.530029
274,725.150024,727.210022,712.799988
275,734.799988,735.0,730.219971
276,739.47998,741.0,731.590027
277,742.869995,743.119995,739.47998
278,721.299988,742.330017,742.169983
279,721.0,730.599976,717.219971
280,733.599976,736.159973,724.859985
281,722.929993,729.51001,729.119995
282,710.609985,721.219971,720.900024
283,726.099976,730.900024,717.289978
284,729.51001,734.849976,729.049988
285,715.900024,724.030029,722.109985
286,733.960022,736.0,717.51001
287,727.0,733.76001,731.969971
288,718.650024,722.880005,717.640015
289,712.210022,716.0,706.890015
290,696.340027,712.320007,706.359985
291,711.789978,723.219971,706.849976
292,692.950012,720.960022,701.02002
293,687.679993,704.52002,704.159973
294,725.5,726.719971,703.76001
295,744.590027,745.23999,730.030029
296,786.280029,791.429993,749.380005
297,800.5,810.349976,780.909973
298,771.26001,777.590027,770.77002
299,748.960022,765.109985,761.349976
300,738.190002,751.159973,748.299988
301,735.890015,735.890015,717.580017
302,735.210022,739.460022,733.789978
303,743.840027,752.460022,733.619995
304,742.0,748.559998,745.460022
305,720.169983,737.669983,726.669983
306,705.900024,726.950012,718.559998
307,720.150024,725.349976,719.080017
308,709.98999,724.159973,710.48999
309,724.440002,739.890015,731.390015
310,749.340027,753.0,719.570007
311,740.75,748.340027,745.340027
312,731.950012,735.080017,733.070007
313,747.799988,750.119995,730.909973
314,746.48999,755.309998,741.0
315,750.369995,765.72998,759.330017
316,764.099976,769.200012,761.530029
317,762.200012,762.200012,759.440002
318,787.820007,788.330017,778.01001
319,793.960022,796.460022,790.299988
320,786.98999,798.690002,793.960022
321,770.0,782.820007,782.23999
322,768.52002,769.200012,765.840027
323,770.690002,771.900024,768.51001
324,764.27002,770.340027,767.130005
325,763.049988,766.349976,760.799988
326,767.22998,774.140015,756.849976
327,781.159973,781.590027,769.830017
328,766.570007,781.5,776.590027
329,767.789978,774.75,760.090027
330,751.26001,764.150024,762.539978
331,749.0,757.440002,750.419983
332,763.590027,766.070007,760.039978
333,771.099976,776.090027,762.549988
334,764.5,778.650024,775.140015
335,780.059998,781.0,772.98999
336,769.710022,782.419983,779.210022
337,780.559998,784.47998,768.200012
338,785.25,793.049988,777.849976
339,766.940002,785.0,783.789978
340,771.869995,775.030029,762.849976
341,769.159973,774.0,771.969971
342,771.690002,773.0,769.26001
343,772.960022,775.98999,769.630005
344,777.469971,782.900024,776.700012
345,769.299988,779.320007,777.0
346,759.780029,763.22998,759.940002
347,749.570007,761.099976,760.01001
348,752.469971,754.950012,745.97998
349,740.210022,751.710022,750.419983
350,754.039978,755.330017,740.070007
351,760.179993,765.799988,756.530029
352,762.380005,769.080017,765.25
353,753.47998,760.599976,758.26001
354,758.52002,763.299988,754.77002
355,759.390015,763.02002,761.599976
356,758.809998,766.349976,760.669983
357,749.900024,759.900024,755.309998
358,745.429993,751.700012,748.820007
359,734.530029,748.179993,747.73999
360,745.559998,746.309998,737.390015
361,736.630005,746.789978,744.849976
362,733.0,737.369995,736.919983
363,726.570007,735.960022,732.820007
364,720.02002,734.950012,731.119995
365,750.059998,752.5,719.330017
366,675.440002,688.049988,681.140015
367,683.210022,684.900024,671.799988
368,697.890015,698.0,680.0
369,694.0,700.23999,699.950012
370,695.400024,696.219971,695.320007
371,685.25,694.159973,693.02002
372,683.72998,690.039978,680.409973
373,674.26001,688.460022,683.169983
374,669.190002,677.97998,676.429993
375,667.48999,674.090027,671.23999
376,669.450012,671.890015,667.0
377,677.400024,678.73999,670.0
378,669.349976,678.799988,671.640015
379,661.599976,673.030029,671.679993
380,638.01001,657.0,656.98999
381,637.940002,643.840027,642.0
382,631.830017,639.309998,638.369995
383,625.5,634.679993,622.609985
384,639.049988,642.849976,624.25
385,658.580017,658.580017,640.150024
386,648.969971,656.77002,654.909973
387,652.900024,660.280029,653.289978
388,657.469971,658.820007,653.200012
389,665.51001,669.0,666.97998
390,665.059998,669.840027,660.919983
391,667.48999,681.98999,671.669983
392,665.549988,668.070007,665.52002
393,656.710022,668.849976,665.070007
394,655.630005,655.919983,652.469971
395,650.210022,655.309998,655.299988
396,643.900024,654.900024,651.080017
397,651.880005,657.359985,643.409973
398,641.0,645.039978,643.880005
399,629.700012,634.5,628.960022
400,647.929993,651.25,637.049988
401,638.0,645.059998,644.909973
402,633.809998,644.440002,629.559998
403,654.340027,664.409973,647.820007
404,665.76001,667.0,659.690002
405,671.98999,673.97998,667.960022
406,643.099976,662.47998,659.73999
407,646.469971,647.0,612.469971
408,600.599976,627.679993,618.109985
409,671.039978,672.890015,644.030029
410,689.099976,696.159973,679.47998
411,690.109985,700.200012,694.039978
412,691.070007,695.76001,688.72998
413,688.039978,694.73999,694.109985
414,684.039978,692.26001,689.369995
415,689.200012,694.030029,686.51001
416,694.48999,696.0,691.469971
417,699.580017,704.0,690.299988
418,667.090027,671.619995,663.140015
419,667.780029,668.799988,664.390015
420,673.98999,674.75,670.150024
421,665.75,679.909973,673.289978
422,664.340027,668.0,661.280029
423,657.659973,666.669983,664.719971
424,664.700012,665.0,657.5
425,657.440002,668.049988,664.559998
426,662.26001,663.330017,661.429993
427,661.76001,664.099976,659.659973
428,651.570007,667.070007,658.27002
429,676.77002,677.789978,654.77002
430,691.849976,696.070007,674.72998
431,694.02002,713.330017,695.099976
432,684.880005,705.599976,695.349976
433,688.97998,697.799988,692.840027
434,680.0,703.0,699.619995
435,589.5,604.5,601.780029
436,583.73999,588.690002,583.960022
437,574.5,589.710022,584.179993
438,559.51001,572.849976,571.72998
439,553.710022,559.289978,556.109985
440,548.650024,548.880005,544.650024
441,545.599976,548.280029,541.700012
442,547.429993,551.0,550.030029
443,542.25,548.580017,545.619995
444,544.73999,548.0,547.340027
445,543.659973,545.809998,543.299988
446,545.090027,545.900024,540.039978
447,546.75,550.900024,541.25
448,559.710022,560.0,553.059998
449,560.299988,563.140015,557.950012
450,562.47998,562.640015,558.570007
451,559.789978,564.900024,563.390015
452,559.409973,565.609985,559.679993
453,556.52002,557.909973,557.52002
454,548.0,557.25,556.179993
455,545.419983,548.359985,546.599976
456,544.47998,546.690002,544.869995
457,542.72998,544.049988,543.0
458,547.150024,548.849976,547.469971
459,554.48999,554.830017,550.039978
460,545.700012,554.780029,552.599976
461,543.419983,544.840027,542.159973
462,549.609985,549.869995,543.47998
463,552.0,553.330017,549.530029
464,552.179993,555.960022,551.690002
465,555.099976,557.98999,555.289978
466,547.429993,558.789978,553.950012
467,548.72998,550.570007,549.210022
468,553.200012,553.940002,545.320007
469,553.789978,555.76001,554.179993
470,548.679993,555.289978,554.25
471,552.580017,553.330017,547.190002
472,554.460022,558.23999,554.52002
473,550.200012,557.609985,556.809998
474,550.919983,556.070007,552.51001
475,548.0,553.400024,549.280029
476,543.820007,548.340027,546.669983
477,550.390015,550.599976,546.48999
478,543.969971,549.690002,549.200012
479,540.469971,543.840027,539.48999
480,542.809998,542.960022,538.72998
481,548.48999,553.369995,545.780029
482,548.869995,552.799988,548.950012
483,535.900024,545.200012,542.039978
484,542.640015,543.929993,535.080017
485,550.159973,552.609985,543.039978
486,550.98999,556.690002,552.840027
487,550.51001,551.219971,551.159973
488,558.559998,561.109985,548.77002
489,560.51001,565.840027,561.390015
490,564.320007,567.830017,564.369995
491,572.77002,575.52002,566.119995
492,580.049988,584.700012,573.659973
493,550.409973,561.169983,557.460022
494,543.059998,551.0,549.179993
495,546.309998,547.77002,542.919983
496,533.75,545.799988,544.530029
497,537.309998,539.799988,532.73999
498,538.349976,545.22998,543.52002
499,537.960022,543.190002,541.039978
500,546.570007,546.570007,539.780029
501,547.049988,553.27002,548.640015
502,549.570007,549.849976,548.539978
503,549.210022,549.369995,548.02002
504,546.0,551.5,548.840027
505,544.98999,550.159973,544.859985
506,538.840027,545.539978,543.950012
507,547.409973,548.0,541.309998
508,554.830017,558.5,549.48999
509,557.940002,562.450012,554.700012
510,560.25,562.159973,561.140015
511,561.830017,564.070007,557.549988
512,564.650024,567.190002,563.640015
513,577.570007,580.070007,567.0
514,568.539978,581.880005,577.539978
515,566.0,569.640015,565.369995
516,566.710022,567.099976,564.950012
517,564.52002,566.960022,563.669983
518,557.72998,566.51001,566.159973
519,558.289978,560.640015,557.609985
520,556.929993,563.75,561.640015
521,559.22998,564.359985,553.0
522,558.47998,561.840027,561.169983
523,559.799988,564.179993,555.690002
524,568.47998,569.76001,559.849976
525,570.919983,575.450012,574.099976
526,582.0,582.780029,572.900024
527,579.619995,583.200012,581.429993
528,576.969971,581.630005,578.330017
529,576.349976,580.849976,578.789978
530,567.0,575.98999,575.02002
531,558.150024,569.419983,562.630005
532,545.73999,560.130005,559.289978
533,538.440002,549.570007,547.330017
534,531.549988,539.400024,538.650024
535,539.0,539.299988,535.0
536,547.580017,547.580017,541.799988
537,542.469971,546.859985,546.450012
538,543.820007,547.549988,542.650024
539,551.159973,553.0,545.01001
540,547.51001,552.539978,551.159973
541,539.659973,548.340027,546.01001
542,539.72998,541.950012,538.0
543,532.150024,541.0,540.159973
544,531.059998,533.880005,529.280029
545,531.01001,540.219971,533.880005
546,527.929993,530.690002,529.830017
547,533.140015,536.75,526.099976
548,529.940002,537.450012,533.299988
549,534.320007,536.5,532.200012
550,519.0,543.099976,537.549988
551,512.900024,515.190002,513.22998
552,525.0,525.690002,512.429993
553,531.400024,532.780029,521.190002
554,541.5,541.5,536.719971
555,538.030029,545.409973,541.950012
556,523.0,538.840027,537.299988
557,510.839996,521.849976,520.390015
558,512.77002,515.609985,509.940002
559,503.149994,510.850006,510.459991
560,508.890015,509.75,504.01001
561,500.420013,508.26001,505.929993
562,502.570007,508.600006,501.799988
563,499.23999,500.279999,497.059998
564,508.179993,508.600006,500.720001
565,501.51001,507.5,506.910004
566,510.950012,511.48999,505.149994
567,520.5,521.210022,506.640015
568,527.150024,527.98999,519.460022
569,532.599976,535.799988,529.549988
570,537.73999,538.400024,530.659973
571,534.960022,537.840027,535.280029
572,540.5,543.929993,537.309998
573,536.929993,543.25,541.52002
574,538.820007,540.289978,536.929993
575,534.51001,542.299988,538.77002
576,520.609985,532.969971,532.299988
577,516.98999,520.809998,520.039978
578,515.98999,516.25,514.619995
579,499.859985,509.070007,506.450012
580,513.599976,515.580017,498.160004
581,523.76001,525.369995,515.840027
582,527.440002,532.23999,521.51001
583,530.01001,537.039978,532.109985
584,535.900024,539.359985,528.039978
585,525.880005,536.650024,536.109985
586,529.219971,533.820007,530.72998
587,536.700012,538.200012,528.080017
588,537.640015,542.690002,542.580017
589,537.5,541.409973,536.969971
590,539.450012,541.849976,538.590027
591,545.090027,548.789978,539.650024
592,547.0,549.599976,549.080017
593,549.22998,549.880005,547.72998
594,547.210022,552.5,549.22998
595,546.570007,551.190002,547.47998
596,551.039978,551.039978,545.890015
597,542.090027,545.380005,543.76001
598,544.75,548.219971,547.200012
599,547.929993,552.789978,544.51001
600,555.190002,555.190002,546.640015
601,558.0,558.0,555.190002
602,560.809998,560.820007,556.440002
603,561.150024,561.25,558.25
604,558.52002,562.5,561.289978
605,552.400024,560.630005,558.22998
606,555.599976,555.599976,551.820007
607,555.5,556.799988,551.690002
608,566.789978,566.900024,555.950012
609,561.159973,564.789978,564.190002
610,563.530029,567.150024,563.77002
611,568.299988,568.72998,567.869995
612,558.25,562.5,560.27002
613,560.849976,564.969971,558.450012
614,551.710022,559.200012,558.940002
615,547.76001,554.0,549.880005
616,554.97998,555.0,548.900024
617,548.280029,557.400024,553.650024
618,541.049988,550.76001,542.690002
619,537.27002,538.77002,538.030029
620,520.450012,533.159973,532.380005
621,540.450012,543.450012,522.969971
622,527.0,540.98999,536.919983
623,542.080017,543.919983,540.72998
624,550.140015,558.630005,548.690002
625,555.130005,560.880005,544.75
626,567.469971,575.22998,555.190002
627,581.609985,582.530029,570.809998
628,574.789978,584.690002,583.73999
629,584.900024,585.849976,574.099976
630,589.950012,592.400024,587.780029
631,584.099976,588.289978,586.25
632,578.0,583.23999,580.880005
633,586.799988,588.719971,579.630005
634,587.48999,591.0,588.409973
635,581.830017,589.309998,587.809998
636,585.929993,589.570007,587.900024
637,596.98999,598.070007,585.25
638,591.570007,600.109985,598.419983
639,595.0,596.650024,591.179993
640,602.5,603.799988,597.27002
641,599.48999,605.400024,605.400024
642,595.049988,597.559998,597.27002
643,589.51001,596.070007,593.289978
644,580.950012,590.150024,588.780029
645,582.23999,583.919983,581.640015
646,590.390015,591.47998,584.900024
647,590.0,591.950012,591.109985
648,591.73999,593.719971,593.419983
649,600.27002,600.599976,591.969971
650,599.140015,603.52002,601.630005
651,595.130005,598.5,597.780029
652,592.130005,598.0,593.140015
653,591.72998,594.48999,589.52002
654,582.950012,589.299988,588.630005
655,582.349976,582.900024,582.359985
656,580.02002,584.710022,580.320007
657,587.809998,589.369995,583.0
658,592.0,592.049988,588.119995
659,594.77002,595.580017,590.570007
660,593.27002,594.98999,592.539978
661,594.900024,595.25,592.419983
662,596.950012,596.98999,595.409973
663,595.590027,597.809998,597.109985
664,587.099976,595.049988,592.700012
665,587.5,589.469971,583.710022
666,586.690002,587.799988,584.650024
667,576.450012,586.130005,584.559998
668,575.0,575.900024,572.119995
669,579.0,579.690002,577.25
670,572.02002,579.559998,577.940002
671,576.049988,578.309998,571.809998
672,569.5,578.640015,574.48999
673,579.380005,580.200012,573.140015
674,576.51001,583.820007,582.27002
675,578.549988,583.429993,573.599976
676,588.960022,591.98999,579.549988
677,595.809998,598.450012,595.440002
678,597.700012,598.48999,593.950012
679,597.75,601.099976,599.02002
680,599.25,601.0,598.080017
681,605.530029,608.909973,603.01001
682,602.049988,607.049988,605.190002
683,599.700012,608.890015,603.570007
684,601.349976,604.159973,598.440002
685,603.01001,606.700012,605.109985
686,588.969971,589.5,580.820007
687,596.890015,597.0,590.619995
688,595.150024,595.299988,593.059998
689,590.599976,594.859985,594.26001
690,581.0,588.22998,586.650024
691,573.0,585.25,580.039978
692,578.950012,584.099976,583.359985
693,586.369995,587.969971,578.400024
694,593.51001,595.650024,590.76001
695,591.700012,594.25,593.080017
696,592.26001,594.150024,590.780029
697,587.650024,593.659973,591.48999
698,586.76001,587.710022,584.669983
699,585.450012,587.880005,585.690002
700,589.299988,589.599976,584.77002
701,573.549988,587.299988,585.929993
702,574.219971,582.25,572.539978
703,564.349976,574.440002,574.289978
704,566.450012,566.77002,566.52002
705,561.150024,565.0,564.98999
706,552.799988,561.400024,560.659973
707,552.359985,553.73999,550.619995
708,557.25,557.98999,552.299988
709,560.080017,560.650024,560.349976
710,567.0,567.0,559.5
711,565.919983,568.969971,567.5
712,568.780029,572.0,568.299988
713,566.75,572.0,570.72998
714,568.159973,568.799988,566.030029
715,557.109985,565.0,564.929993
716,551.52002,558.580017,553.76001
717,560.900024,562.400024,554.51001
718,569.75,570.409973,564.340027
719,571.640015,572.580017,571.650024
720,573.390015,573.47998,570.559998
721,574.570007,577.659973,570.450012
722,567.780029,574.869995,574.869995
723,558.130005,565.0,563.799988
724,552.200012,557.960022,555.450012
725,542.900024,549.75,549.700012
726,540.0,546.349976,540.390015
727,528.880005,539.349976,538.830017
728,529.599976,530.840027,528.299988
729,533.140015,534.0,529.119995
730,541.820007,541.820007,534.409973
731,539.580017,543.98999,541.539978
732,531.840027,538.75,538.429993
733,518.650024,527.349976,526.619995
734,515.719971,527.349976,520.169983
735,523.25,524.429993,518.0
736,533.409973,534.549988,522.570007
737,530.23999,535.719971,535.330017
738,541.440002,542.400024,533.869995
739,534.25,539.909973,538.530029
740,535.119995,536.340027,534.880005
741,523.890015,537.76001,536.330017
742,525.799988,525.900024,522.97998
743,532.26001,533.859985,523.099976
744,541.690002,542.5,534.440002
745,543.669983,544.799988,537.51001
746,536.0,548.0,545.5
747,544.0,544.0,539.369995
748,556.320007,557.0,543.340027
749,557.700012,564.0,563.900024
750,551.0,552.890015,548.700012
751,543.659973,553.02002,545.200012
752,537.940002,547.590027,537.76001
753,568.0,568.210022,546.690002
754,565.840027,567.799988,567.039978
755,545.049988,559.880005,557.51001
756,544.789978,549.849976,540.630005
757,578.549988,579.719971,545.25
758,573.390015,588.299988,571.5
759,1141.900062,1144.799992,1135.099984
760,1120.269981,1137.500048,1134.88999
761,1130.399977,1134.999987,1114.509999
762,1119.000011,1133.190031,1120.149983
763,1130.849966,1131.940062,1114.280005
764,1162.01006,1171.57007,1131.970061
765,1165.999962,1169.83999,1158.720018
766,1184.190006,1184.899989,1157.930037
767,1206.310076,1209.629995,1183.040034
768,1199.949987,1209.609996,1197.160055
769,1211.800064,1211.990059,1199.250004
770,1194.669994,1211.530071,1211.259955
771,1179.250005,1197.070058,1192.100057
772,1181.99006,1190.869965,1172.80004
773,1207.950036,1210.499974,1189.060009
774,1196.400074,1207.850039,1207.300052
775,1213.770016,1214.320003,1199.989986
776,1215.689969,1217.640044,1211.57007
777,1226.800064,1226.990059,1214.789991
778,1222.280052,1226.149958,1219.609995
779,1215.049985,1223.080033,1218.260028
780,1214.999986,1215.999962,1214.909988
781,1206.750065,1207.840039,1202.690042
782,1220.339978,1224.190006,1215.64997
783,1218.390025,1224.230005,1219.210005
784,1224.00001,1228.880013,1220.169982
785,1215.939963,1224.499998,1219.999986
786,1205.359977,1220.159982,1212.510047
787,1207.810039,1209.869989,1203.790016
788,1203.140031,1206.890062,1204.110008
789,1205.299979,1209.220005,1202.340051
790,1201.410074,1212.870038,1210.879965
791,1195.609971,1204.390001,1202.80004
792,1180.749968,1199.899989,1199.899989
793,1189.000011,1189.999986,1186.690067
794,1180.169982,1191.870063,1190.179982
795,1171.800065,1182.40005,1172.930037
796,1167.630044,1177.900038,1177.440049
797,1151.129959,1160.159983,1159.959988
798,1143.380026,1150.769968,1143.200031
799,1137.990036,1154.999987,1138.160032
800,1179.200006,1181.720066,1133.430025
801,1171.350076,1186.540071,1180.969963
802,1144.999987,1152.490048,1135.389977
803,1119.120009,1121.750066,1106.920062
804,1110.319979,1125.749969,1123.010036
805,1126.09996,1126.500072,1101.229957
806,1151.009962,1153.550022,1123.830016
807,1159.999987,1162.490048,1160.099984
808,1166.610069,1167.890038,1165.019986
809,1160.929964,1164.000011,1163.700018
810,1156.850063,1160.629971,1150.529974
811,1149.100009,1157.930037,1156.219957
812,1152.990036,1154.999987,1148.62002
813,1137.950037,1150.999962,1149.400001
814,1126.470073,1146.910062,1122.980036
815,1139.080009,1139.080009,1130.179983
816,1143.440025,1144.220006,1130.239981
817,1145.999962,1147.320052,1141.229957
818,1124.999987,1139.689994,1138.860015
819,1113.010036,1118.860015,1117.320052
820,1114.999987,1116.930062,1104.999987
821,1115.459976,1117.750042,1113.120033
822,1112.240054,1120.999963,1120.70997
823,1120.339979,1120.499975,1109.46
824,1119.999987,1120.27998,1118.400026
825,1114.010011,1119.000011,1117.460049
826,1114.969988,1115.239981,1111.840064
827,1107.84004,1115.799968,1115.099985
828,1088.300029,1101.169959,1100.619972
829,1080.769969,1091.990061,1086.219958
830,1071.850064,1084.949989,1084.749994
831,1072.820041,1080.759969,1069.859991
832,1064.000012,1074.689995,1072.980037
833,1075.399978,1076.289956,1060.789969
834,1079.569998,1082.940038,1069.959989
835,1087.400051,1091.319955,1077.290054
836,1076.14996,1092.310053,1084.659996
837,1070.989964,1082.310053,1078.140033
838,1069.789993,1069.999988,1069.869991
839,1057.200056,1059.659996,1057.340053
840,1051.369954,1063.980013,1058.180032
841,1050.949965,1063.440026,1053.26003
842,1063.510024,1066.349955,1054.480001
843,1062.160057,1066.62007,1059.589998
844,1062.03006,1068.000036,1063.110034
845,1048.600022,1061.500073,1058.410027
846,1037.160057,1053.190032,1045.929965
847,1033.420027,1036.16996,1031.890064
848,1027.000061,1038.310029,1034.070011
849,1029.949989,1033.360028,1022.309993
850,1031.720068,1034.749994,1025.199983
851,1035.74997,1048.740019,1031.550072
852,1034.869991,1038.000037,1033.560023
853,1033.920014,1039.749994,1035.229982
854,1006.750007,1032.850041,1032.47005
855,1007.699984,1017.559987,1011.780006
856,1009.51,1015.930027,1010.590035
857,1008.750019,1018.500025,1016.030024
858,1022.609986,1023.930014,1007.950038
859,1025.599974,1027.000061,1022.750043
860,1020.350041,1031.65007,1021.520012
861,1031.500073,1032.370052,1026.109961
862,1031.790066,1035.999964,1027.04006
863,1028.930014,1041.520073,1030.579974
864,1037.430051,1037.510049,1030.419978
865,1019.10001,1036.940063,1036.239958
866,1015.199983,1023.430026,1014.999988
867,1028.820017,1028.820017,1015.199983
868,1031.870064,1040.569974,1025.549975
869,1001.000025,1034.749994,1031.409954
870,1004.999988,1013.000037,1007.000001
871,1011.460014,1019.000013,1003.30003
872,976.580011,1015.460038,1011.410015
873,892.990039,896.900004,888.790019
874,885.87003,898.33003,898.030038
875,875.760032,885.630035,882.010002
876,866.66001,876.25002,876.110024
877,866.030026,873.480027,871.990002
878,863.840018,868.830019,868.240033
879,856.28002,862.649986,855.86003
880,865.319982,865.980027,853.670023
881,867.449991,873.990015,865.740033
882,874.99999,877.50999,872.349994
883,888.000039,894.100012,876.090024
884,882.729984,889.360005,887.990039
885,880.249984,887.669986,887.000002
886,869.080012,880.84003,875.910029
887,874.819994,877.519989,876.390017
888,878.300031,882.749984,878.170035
889,886.550013,886.550013,877.229996
890,886.500014,890.099987,886.840006
891,896.150023,901.590012,886.500014
892,898.390029,904.130011,903.110036
893,905.990026,905.990026,898.390029
894,886.350018,903.970015,903.320031
895,887.409992,888.390029,886.110024
896,896.200021,897.000002,887.759983
897,894.500002,895.680034,889.070012
898,897.399992,897.900041,893.060037
899,888.540025,896.970003,896.190022
900,890.019989,892.000002,888.670022
901,883.730021,889.749996,888.050037
902,882.439991,883.78002,879.58
903,873.500027,879.879993,879.560001
904,860.349982,873.500027,871.630011
905,854.360006,866.190022,860.379981
906,855.760033,858.040038,846.900005
907,849.070013,860.379981,855.430041
908,850.249984,855.410041,848.550026
909,859.619999,863.730021,850.149987
910,869.99999,874.899992,866.390017
911,877.829982,878.000039,870.209985
912,872.699985,874.749996,873.710021
913,870.650035,876.910004,869.330006
914,868.35003,872.109999,865.420041
915,857.709985,872.000002,865.650035
916,861.28002,862.439992,856.910005
917,864.440004,864.919992,859.659998
918,878.37003,880.229984,869.809995
919,886.830006,888.500026,881.25002
920,886.900004,887.000002,885.510038
921,890.560037,895.520038,890.410041
922,895.490039,895.84003,892.659986
923,895.039989,898.450027,890.650035
924,904.689997,909.709997,896.570012
925,905.390041,905.520038,904.99999
926,903.440028,907.000002,906.570012
927,894.99999,904.550001,904.220009
928,892.990039,896.510014,887.749984
929,885.46004,895.610036,890.920028
930,884.899992,894.819994,882.269995
931,886.990002,889.98999,885.349981
932,893.870017,896.850006,887.699985
933,907.259995,910.299982,902.900041
934,910.700033,913.000038,903.800019
935,902.000002,912.669985,910.700033
936,886.610011,902.95004,896.600012
937,918.990014,919.999989,910.680034
938,921.000026,926.860005,918.550025
939,927.129998,927.970039,919.609999
940,924.300006,928.000038,924.689997
941,919.999989,923.000038,923.000038
942,913.000038,920.810031,920.239984
943,903.450027,911.140023,905.990026
944,911.000026,912.950039,905.239984
945,899.210009,906.27002,905.089987
946,890.009989,895.410041,893.490027
947,879.899992,889.17001,886.430016
948,890.199985,891.000026,882.309994
949,886.450015,892.08,887.880041
950,874.899992,881.840006,880.370042
951,878.800019,884.689997,877.07
952,873.75002,878.000039,873.650023
953,877.259996,879.679998,866.200022
954,871.880005,876.320019,869.789995
955,888.34003,889.879993,880.930028
956,893.990014,901.000026,884.739996
957,901.370017,910.84003,900.680034
958,888.650023,901.000026,900.620035
959,879.230009,889.430004,886.25002
960,880.099987,884.699997,875.039989
961,868.980015,879.659998,877.000002
962,885.46004,886.000026,871.980003
963,883.970015,887.000002,879.809994
964,882.1,891.000026,890.219984
965,870.420041,879.99999,879.729996
966,864.300007,866.330019,864.639999
967,862.50999,869.450003,859.699997
968,867.849981,870.590037,859.100012
969,873.000039,873.970015,867.629987
970,868.120036,877.000002,871.220021
971,869.919992,878.900017,870.760032
972,875.710034,877.990039,868.310031
973,883.500026,892.139998,881.27002
974,875.259984,878.820019,873.320031
975,877.000002,889.959991,882.789983
976,902.559988,909.310006,889.420004
977,908.020038,911.66001,906.970002
978,904.99999,920.600036,908.530025
979,910.019989,913.490026,909.18001
980,919.000014,919.97999,903.870017
981,895.500038,916.380017,915.890029
982,877.49999,888.690022,887.1
983,878.890017,882.469991,877.529989
984,875.309982,880.540038,880.229984
985,870.84003,879.659998,871.480015
986,857.000002,873.880017,873.630023
987,863.010039,863.870018,857.229997
988,848.260033,861.850006,861.550013
989,836.960004,846.800007,845.720034
990,820.099988,834.550001,829.61
991,823.260033,824.719997,820.430041
992,819.000015,827.639987,824.570001
993,803.250033,822.699986,819.060013
994,807.599988,807.739985,801.420017
995,816.250021,816.470016,809.100013
996,808.110037,818.000039,813.450028
997,801.000027,815.500039,807.899981
998,800.600037,803.960016,800.109988
999,769.160012,803.440029,799.869994
1000,785.349982,785.800032,765.91003
1001,786.750009,790.840031,782.55999
1002,786.590013,796.000027,793.370031
1003,785.950029,797.000003,781.930005
1004,791.990003,792.100001,790.04999
1005,792.879982,793.100037,790.389981
1006,782.919981,792.349995,790.179987
1007,775.50004,783.750021,777.649987
1008,778.750022,779.550002,774.849995
1009,786.060026,786.990003,783.050039
1010,804.250009,805.750033,795.069989
1011,813.460028,814.20001,806.200022
1012,804.540002,814.829995,813.040038
1013,795.009991,802.249997,801.190023
1014,803.990015,805.369982,794.190011
1015,806.680011,807.000003,802.659987
1016,813.500027,814.000015,812.419993
1017,812.409993,819.230009,809.639999
1018,814.739997,815.239985,810.309983
1019,811.29002,816.920005,811.260021
1020,816.830007,817.50999,814.709998
1021,811.240021,819.250009,811.320019
1022,804.999991,812.759984,807.789984
1023,818.500027,820.299983,814.300008
1024,826.990003,826.990003,821.540014
1025,827.899981,830.690035,825.309983
1026,830.710034,831.890005,827.609988
1027,831.69001,839.699998,834.819995
1028,834.500003,834.919992,831.520014
1029,834.060013,836.620012,832.599988
1030,841.030026,844.000015,831.380018
1031,828.930017,840.149987,838.600024
1032,805.299983,822.839982,821.500015
1033,797.799983,807.139999,806.190023
1034,801.100025,806.990003,801.200022
1035,794.799996,804.749997,799.779996
1036,794.999991,795.950029,790.129988
1037,802.299996,808.410029,790.770033
1038,799.260009,801.250021,799.709998
1039,798.00004,805.450041,795.530039
1040,805.299983,808.970016,792.459992
1041,795.990028,807.000003,806.850007
1042,787.399993,793.260033,792.889981
1043,779.729998,788.740022,787.819983
1044,780.129988,785.349982,782.859982
1045,781.750009,787.899981,780.700035
1046,778.40003,783.00004,782.419993
1047,780.129988,786.670011,785.369982
1048,769.699998,778.81002,773.950017
1049,759.070014,772.95998,770.169987
1050,761.130025,771.110025,765.740034
1051,767.689987,770.46998,759.020015
1052,758.200035,776.600013,775.600037
1053,750.51004,757.619988,755.690035
1054,753.740022,760.950029,753.83002
1055,746.75001,756.950005,753.680024
1056,751.760009,755.600038,750.730035
1057,750.770034,758.480028,753.670024
1058,741.240022,756.830008,754.210011
1059,735.990028,749.000016,741.500016
1060,704.66,705.339984,702.869983
1061,710.359983,712.769985,704.510004
1062,717.709987,719.64,711.320021
1063,722.399994,724.340008,715.189987
1064,719.330008,734.999992,724.929993
1065,737.000004,742.199999,723.250034
1066,742.000004,742.429993,739.989992
1067,742.829983,744.999991,741.480016
1068,732.269997,738.350032,738.120037
1069,735.540039,736.300021,733.300033
1070,735.449981,739.380007,734.749998
1071,729.340008,741.470017,737.96998
1072,724.929993,731.930005,723.670024
1073,719.420006,727.000004,723.250034
1074,699.999992,710.570039,707.379995
1075,701.690012,706.910006,700.009992
1076,707.140001,708.84002,706.290021
1077,708.070039,712.879983,708.870019
1078,714.510004,715.179987,709.500004
1079,713.970017,718.82002,715.630037
1080,723.260034,724.65,722.359995
1081,720.710035,722.999979,720.109989
1082,716.600014,729.100014,721.070027
1083,705.49998,721.920006,720.780034
1084,699.170012,707.819984,701.960005
1085,715.92003,716.470017,702.699987
1086,699.230011,703.510028,697.55999
1087,689.999992,701.920006,696.880007
1088,685.389983,691.650013,685.419982
1089,694.999992,696.880007,684.210011
1090,687.58999,695.610038,691.130025
1091,692.150001,694.500004,687.819984
1092,694.999992,695.50998,691.030028
1093,702.239998,705.890031,695.249986
1094,691.310021,699.220011,698.370032
1095,687.779985,693.900019,691.890007
1096,668.00998,684.909994,683.670025
1097,660.169988,674.999992,670.710036
1098,666.440018,667.000005,661.150025
1099,669.969993,669.999992,667.969981
1100,668.990017,669.799997,665.870032
1101,669.510004,677.99998,669.969993
1102,655.700036,668.920019,668.210036
1103,645.990029,653.01998,647.18
1104,649.999993,659.999992,647.259998
1105,660.660037,662.18,652.549991
1106,662.99998,667.59999,659.050016
1107,663.750023,669.799997,665.900031
1108,654.650001,668.340033,663.029979
1109,670.199987,671.490017,652.289998
1110,674.999992,678.230035,667.120002
1111,685.47998,686.500016,681.720011
1112,684.500004,686.860008,682.959981
1113,694.789997,695.549979,687.919982
1114,679.500004,690.900031,687.58999
1115,679.859996,681.000029,680.299985
1116,676.500017,683.029979,675.149989
1117,679.999992,682.000004,677.759986
1118,686.800009,687.000004,677.299997
1119,672.010004,687.329996,680.349984
1120,681.010028,684.630001,678.670025
1121,705.580039,706.700011,681.790009
1122,755.540039,759.420005,694.999992
1123,743.950017,756.34002,755.489979
1124,740.129988,746.990004,744.699999
1125,741.940005,743.83002,740.980029
1126,751.850007,754.869994,744.749998
1127,752.899982,758.500028,751.480016
1128,741.860007,747.529991,744.560002
1129,759.669999,761.32002,744.090014
1130,761.000028,763.580026,757.839983
1131,770.710035,774.380006,767.649987
1132,762.749985,769.889994,768.050039
1133,755.720035,763.920018,762.499991
1134,765.199986,765.990028,756.990004
1135,759.050014,764.999991,761.780009
1136,754.150012,759.300008,754.500003
1137,759.949992,762.839983,756.500016
1138,749.849995,761.240022,753.460029
1139,753.050039,764.889994,749.160012
1140,731.000028,750.03999,749.380006
1141,732.209999,734.919993,733.990016
1142,724.470005,731.380019,728.120037
1143,717.499992,728.560027,727.499992
1144,707.779985,718.660024,718.280034
1145,708.110038,712.879983,709.979992
1146,709.600002,712.99998,709.68
1147,693.090039,709.000016,706.040027
1148,689.410006,694.909994,690.880032
1149,697.959981,700.650037,692.19
1150,709.759998,712.809984,700.770034
1151,699.999992,712.249998,706.150025
1152,685.96003,699.889995,699.400007
1153,679.999992,686.500016,680.720036
1154,684.550003,684.999992,681.040028
1155,684.000017,688.580027,685.08999
1156,684.240011,687.389995,681.680012
1157,677.369995,688.990017,688.00998
1158,664.999992,677.619989,677.249998
1159,662.98998,672.000004,669.220011
1160,675.600039,680.449981,678.630026
1161,674.27001,680.47998,676.800009
1162,667.379995,680.600038,677.18
1163,673.110038,677.99998,669.510004
1164,675.49998,678.87002,675.539979
1165,674.120014,677.249998,677.140001
1166,667.509992,674.640001,672.869983
1167,670.279985,674.250011,667.539991
1168,659.250011,672.849984,668.660025
1169,647.419994,660.149989,660.009992
1170,638.590027,642.239999,642.000005
1171,644.510005,646.37002,642.349996
1172,639.050016,645.870032,642.229999
1173,641.79001,644.260011,640.539979
1174,639.610002,649.380008,642.819985
1175,639.999993,643.720024,641.330021
1176,625.50998,638.02998,628.750023
1177,637.299998,639.510005,632.679988
1178,628.260035,636.500017,632.969981
1179,636.050028,642.59999,632.299998
1180,618.89002,634.999993,634.959994
1181,614.999993,616.870008,613.360033
1182,608.320034,613.380032,607.989981
1183,614.999993,617.929982,607.569991
1184,600.479981,618.350033,615.50998
1185,608.760023,612.939982,610.820034
1186,586.140026,598.48003,593.05998
1187,576.980006,583.690025,580.760036
1188,578.430032,580.670038,576.730012
1189,576.370021,579.190013,574.919995
1190,572.150002,579.150014,576.520017
1191,567.120003,571.930007,570.479982
1192,576.300023,577.849985,571.190025
1193,590.189989,592.429995,581.700013
1194,584.949994,588.600027,586.01003
1195,592.449994,593.520029,585.98003
1196,588.760023,600.059992,595.920032
1197,580.009993,588.410032,587.829985
1198,581.82001,582.999981,580.469982
1199,574.959994,580.12999,580.069992
1200,565.900033,566.230024,564.31001
1201,567.699989,573.990018,569.300011
1202,562.759987,566.600015,564.680001
1203,567.329998,568.089979,560.700037
1204,567.999981,571.480018,571.480018
1205,579.839997,579.839997,565.209988
1206,579.809998,579.999993,577.509993
1207,573.590028,584.280011,581.530017
1208,562.619991,574.210013,570.850034
1209,560.339985,564.520005,564.510005
1210,561.300023,565.069992,559.050017
1211,561.720013,567.000006,561.090028
1212,569.769999,570.299986,565.099991
1213,584.210013,585.319985,568.50003
1214,575.850034,581.00003,580.449982
1215,587.599991,587.889984,578.230037
1216,576.480018,581.970006,580.569979
1217,575.449982,578.129978,570.409983
1218,570.219988,580.489981,578.590028
1219,571.790011,572.64999,570.98003
1220,588.720024,589.999993,580.860033
1221,588.159977,591.900008,588.230036
1222,595.810034,599.130014,594.340009
1223,601.00003,601.730012,591.530017
1224,609.160013,611.920007,603.660026
1225,601.650014,609.600003,609.460006
1226,613.440031,613.810022,600.800035
1227,600.509981,615.690037,614.110015
1228,625.09999,632.419995,600.399983
1229,633.830021,637.849984,623.049979
1230,617.959982,630.09999,628.930019
1231,605.349984,614.999993,611.110027
1232,600.780035,608.50003,604.000017
1233,610.349984,614.550004,605.229987
1234,612.959982,616.190025,613.660026
1235,606.82001,616.38002,609.150014
1236,605.52998,616.900008,612.789986
1237,594.999993,610.569979,607.549992
1238,605.920032,607.889983,596.970006
1239,609.620002,614.829997,611.020029
1240,601.200025,608.109978,607.259999
1241,603.790023,611.600015,604.430007
1242,612.989981,616.080028,604.849997
1243,615.019992,616.740011,614.979993
1244,610.910032,617.999981,615.469981
1245,604.000017,611.350021,609.72
1246,598.240036,606.630014,601.270023
1247,592.899983,598.450031,597.599991
1248,604.250011,608.850021,596.060028
1249,605.690037,616.260023,599.30001
1250,608.04998,612.799986,607.449994
1251,608.560028,617.689988,609.570003
1252,622.999981,623.810022,606.070028
1253,647.549991,648.990017,624.600003
1254,642.349996,653.140038,651.010029
1255,633.970018,636.000029,635.96003
1256,633.520029,634.500005,626.860008
1257,628.48003,635.329985,630.840033
1258,632.239999,636.430019,632.319997
1259,638.45003,639.000017,635.149989
1260,645.409983,647.949982,642.61999
1261,640.770035,647.499993,646.920007
1262,651.750011,653.490029,641.240023
1263,653.440031,656.590015,648.410031
1264,652.030004,658.590027,655.760035
1265,647.030004,653.500029,647.020004
1266,644.999993,649.490005,649.330009
1267,646.600014,648.500029,642.58999
1268,638.500029,648.800022,646.050028
1269,634.610002,647.389995,639.979993
1270,630.920031,636.060028,633.49003
1271,623.119978,637.269998,633.980018
1272,620.890032,625.910032,625.039992
1273,616.600015,623.500029,621.130026
1274,614.999993,622.779986,615.99003
1275,608.750023,617.849984,617.779986
1276,599.999993,607.000005,605.149989
1277,607.949982,611.900008,600.249987
1278,610.039992,611.500017,607.140002
1279,609.050016,611.190025,606.80001
1280,608.04998,608.810022,604.959994
1281,620.429982,622.489993,614.250011
1282,622.000005,624.000017,621.250023
1283,622.259999,625.700037,622.399995
1284,618.600027,625.599978,618.250036
1285,609.999993,619.769998,618.390032
1286,606.590015,612.359996,609.31001
1287,607.349997,611.650014,609.899995
1288,607.000005,607.939982,606.110027
1289,611.960006,616.78001,607.939982
1290,603.870021,617.879984,614.000017
1291,604.969994,607.62999,604.640002
1292,602.819985,608.810022,606.520017
1293,612.929982,612.929982,605.559979
1294,611.540016,612.000005,609.759999
1295,610.499981,613.840021,612.2
1296,607.879984,608.129978,605.910032
1297,612.020005,614.500005,611.460018
1298,608.640026,611.350021,609.849997
1299,607.150002,609.390008,606.770011
1300,595.009993,610.830034,609.090015
1301,590.660038,597.070004,596.330022
1302,584.869996,586.41002,585.109991
1303,584.939995,585.499981,580.830034
1304,582.999981,584.000018,580.109991
1305,578.04998,579.999993,577.689989
1306,570.780035,580.319986,579.979994
1307,571.980006,574.480006,568.099979
1308,577.509993,578.710025,569.490006
1309,586.320022,587.679989,580.930032
1310,586.00003,588.660026,585.519981
1311,590.52998,591.00003,585.99003
1312,640.990029,640.990029,639.570003
1313,626.630014,634.000017,632.909983
1314,631.980005,631.980005,628.580027
1315,626.260023,626.950006,624.989993
1316,631.220024,632.889983,629.640002
1317,623.500029,629.390008,625.96003
1318,629.749999,633.800022,623.140038
1319,646.500017,647.000005,622.459994
1320,659.150013,659.999992,650.019992
1321,662.130001,663.970017,659.010017
1322,665.029992,670.249986,668.280034
1323,652.939982,668.150037,665.409982
1324,642.020004,646.760011,645.900032
1325,641.490017,642.99998,642.399995
1326,642.749986,644.999993,639.7
1327,632.050004,644.490005,640.249987
1328,632.000005,634.68,633.140038
1329,627.949982,631.730011,629.7
1330,630.009992,631.820009,625.820034
1331,627.999981,631.840009,630.369984
1332,628.00998,628.500029,621.830009
1333,624.320009,629.320009,625.96003
1334,622.519992,624.000017,619.540004
